Epoch,Discriminator_Loss,Generator_Loss,Generator_MSE
1,0.688024282,0.703172445,0.200086565
2,0.681560546,0.698069692,0.25866884
3,0.676993906,0.732524693,0.240596484
4,0.666075885,0.743742168,0.288632153
5,0.656477332,0.754368305,0.300909891
6,0.646046311,0.748802423,0.352947224
7,0.63992092,0.791592538,0.318342293
8,0.626945227,0.797114015,0.361389268
9,0.621976078,0.789152384,0.323273525
10,0.622124195,0.799812317,0.250172075
11,0.609126657,0.84190774,0.260322237
12,0.604150504,0.834221721,0.265986171
13,0.600592285,0.876236737,0.272398414
14,0.591960102,0.869049132,0.28627515
15,0.585541755,1.001101017,0.246904574
16,0.561085641,0.862527847,0.368970295
17,0.548228025,1.050987005,0.404168656
18,0.574327439,0.946925044,0.289697713
19,0.568761319,0.950073242,0.250996753
20,0.564838946,1.000396013,0.287014125
21,0.598328888,1.047450542,0.213633467
22,0.581034303,1.014040947,0.21800517
23,0.58380723,1.069011927,0.20049538
24,0.619585216,0.921890557,0.214255173
25,0.596164137,1.126698732,0.225830515
26,0.616916746,0.992623448,0.178392073
27,0.642484158,1.130957961,0.15454627
28,0.625097662,1.141477823,0.176147224
29,0.645713538,0.965543032,0.118373359
30,0.620816767,1.154539227,0.208125911
31,0.645647049,1.060853481,0.180764993
32,0.637978107,1.248587966,0.184183446
33,0.675932348,1.063872218,0.209677699
34,0.650331676,1.022247791,0.266042273
35,0.645336717,0.978209496,0.208049398
36,0.650620908,0.963698804,0.169467238
37,0.645574391,1.130073428,0.165663293
38,0.642845273,1.190407634,0.147260879
39,0.647951424,1.146112442,0.134721796
40,0.662794679,1.135370493,0.157933731
41,0.667661726,1.009150505,0.150703189
42,0.667274654,1.159868002,0.153896085
43,0.643312126,1.010807276,0.187116612
44,0.653001815,1.13858974,0.215640145
45,0.648114383,1.138483524,0.253292606
46,0.641600072,1.204492569,0.219822069
47,0.639272332,1.141713023,0.178043318
48,0.642240435,1.030869484,0.207404944
49,0.606315374,1.486371994,0.229593863
50,0.592778921,1.20922935,0.466523794
51,0.621915489,1.23324883,0.364681283
52,0.591291904,1.184063554,0.44725278
53,0.597327054,1.407679558,0.306408153
54,0.615217507,1.412574053,0.180168982
55,0.634519249,1.325701952,0.164329621
56,0.608435214,1.180083752,0.218881273
57,0.620664924,1.269678831,0.189552917
58,0.588209629,1.416493773,0.254838913
59,0.600298852,1.352390289,0.258529753
60,0.588839203,1.578185081,0.225227391
61,0.590420902,1.352068543,0.226157677
62,0.589742869,1.565570474,0.23659029
63,0.621679157,1.286303639,0.142191712
64,0.596908092,1.604978919,0.213083281
65,0.609757096,1.36114049,0.229395119
66,0.617999703,1.54977715,0.179427126
67,0.615233451,1.453458548,0.182660287
68,0.648073852,1.436109304,0.11136015
69,0.599222779,1.454707503,0.150687738
70,0.610358506,1.334168434,0.196701246
71,0.649111718,1.583122492,0.243727905
72,0.636234581,1.389811516,0.175793069
73,0.667194009,1.406977177,0.092279782
74,0.65622431,1.299414158,0.12084559
75,0.669938445,1.437484622,0.143623021
76,0.629638255,1.326148987,0.131103815
77,0.625413179,1.308458447,0.097560168
78,0.615953773,1.57948935,0.164971982
79,0.631452203,1.239593506,0.119936939
80,0.641266942,1.181977749,0.124911294
81,0.665927768,1.522801876,0.151890661
82,0.651124328,1.148977518,0.121136502
83,0.620471001,1.395174026,0.169961247
84,0.622801065,1.371287346,0.138918246
85,0.639057457,1.183796644,0.181396673
86,0.662380189,1.388089299,0.138001503
87,0.647965997,1.319434404,0.107465671
88,0.630920023,1.259827852,0.151285654
89,0.653033286,1.38697958,0.150048877
90,0.655692428,1.492961526,0.135512513
91,0.6327115,1.539322376,0.19086273
92,0.649672985,1.134185314,0.180826171
93,0.622661501,1.311760664,0.183287861
94,0.666073024,1.547147751,0.138792058
95,0.6447981,1.368580222,0.189830341
96,0.628065556,1.418891549,0.177598949
97,0.650210708,1.521755457,0.191604995
98,0.642028034,1.506849408,0.163207777
99,0.623304933,1.433540702,0.158334041
100,0.615500063,1.609811306,0.12288686
101,0.597730964,1.460698009,0.187245507
102,0.638300687,1.529784679,0.148756786
103,0.617126763,1.456930041,0.143302417
104,0.616404206,1.570767164,0.106912148
105,0.625816971,1.744025946,0.166067079
106,0.599598259,1.432372332,0.212917605
107,0.605349809,1.641110182,0.140713008
108,0.614138722,1.445988655,0.165130467
109,0.624932647,1.578402281,0.187705445
110,0.654612154,1.447123528,0.180438721
111,0.62444976,1.50813818,0.136346751
112,0.590671301,1.47204566,0.189031303
113,0.58991085,1.435980439,0.184673647
114,0.628353119,1.401017904,0.124986801
115,0.664202034,1.619369388,0.140228422
116,0.681352705,1.376256704,0.204730503
117,0.672873259,1.517978787,0.156328819
118,0.673075259,1.514350772,0.129578694
119,0.642125487,1.632539988,0.151448769
120,0.604061157,1.546476722,0.229176345
121,0.678972691,1.48899591,0.116238607
122,0.661116987,1.491840959,0.113756255
123,0.67001459,1.593313813,0.104535149
124,0.650607526,1.487592101,0.142446087
125,0.648161232,1.60113728,0.136367042
126,0.620122164,1.733530641,0.122592366
127,0.642139554,1.672497272,0.13081808
128,0.6920802,1.428627968,0.156003111
129,0.665535152,1.620657444,0.154298746
130,0.686176658,1.400400758,0.120576171
131,0.676799476,1.528304577,0.12842864
132,0.637894273,1.519992471,0.135964156
133,0.661459327,1.831025362,0.157690621
134,0.626746044,1.477950573,0.12189323
135,0.637385845,1.450260401,0.175720853
136,0.632852405,1.358753204,0.142508723
137,0.621567577,1.801631927,0.19931705
138,0.640726596,1.681720734,0.189328104
139,0.640257746,1.456679821,0.156744307
140,0.660225451,1.536669254,0.150254131
141,0.681114078,1.649959564,0.132427276
142,0.706791103,1.540941,0.239336336
143,0.67744714,1.599256992,0.233309858
144,0.691464812,1.676690817,0.199095327
145,0.668387175,1.75861001,0.122221323
146,0.679932952,1.733862638,0.239025989
147,0.727058113,1.631109476,0.2287654
148,0.675040454,1.654808521,0.202281336
149,0.664741814,1.623999476,0.281203704
150,0.6643821,1.617949724,0.172134639
151,0.67896378,1.729739666,0.255213206
152,0.63468349,1.691655397,0.261945919
153,0.636103407,1.576409578,0.185417933
154,0.642267495,1.672099471,0.25455924
155,0.683669358,1.591365933,0.176712549
156,0.633567244,1.676583886,0.227251025
157,0.624578297,1.822959304,0.312310351
158,0.62892814,1.522260785,0.271273102
159,0.634668335,1.473231792,0.227872834
160,0.63395749,1.600609064,0.179573951
161,0.65228489,1.567180872,0.200015793
162,0.646648586,1.616277456,0.222040473
163,0.646329761,1.518376589,0.253192753
164,0.665286273,1.751502633,0.202642575
165,0.636503726,1.664978504,0.270847485
166,0.655173749,1.707959294,0.240649697
167,0.656374246,1.661320806,0.359004685
168,0.670385987,1.676383138,0.209601667
169,0.666219175,1.802823901,0.3046728
170,0.650033355,1.676594496,0.275429827
171,0.633295298,1.688162327,0.233197114
172,0.658987373,1.539567351,0.285152917
173,0.669531405,1.565084219,0.179070388
174,0.674836725,1.680179954,0.181637177
175,0.642569244,1.635976553,0.246613792
176,0.616646215,1.68197453,0.14559104
177,0.612481281,1.648260474,0.205287246
178,0.631485462,1.543265104,0.211823678
179,0.666962266,1.690936327,0.177432876
180,0.636931643,1.71902597,0.1965743
181,0.660277158,1.687218904,0.291976844
182,0.646849632,1.958910108,0.170124043
183,0.674122632,1.641510725,0.304258499
184,0.680144757,1.589575291,0.16394792
185,0.676015735,1.652149081,0.153399602
186,0.661632925,1.778567433,0.143568092
187,0.638632759,1.836013913,0.217519914
188,0.64931041,1.748525858,0.208162144
189,0.68289879,1.668889761,0.191446794
190,0.657074094,1.780437946,0.223392672
191,0.680220932,1.795945168,0.368630863
192,0.684073091,1.719571114,0.201912825
193,0.677796572,1.582128048,0.211251058
194,0.642196655,1.671417713,0.243511248
195,0.63597925,1.812394857,0.232270328
196,0.647856206,1.864682198,0.164571231
197,0.669099599,1.634786844,0.176493447
198,0.654257059,1.471658945,0.136400552
199,0.659890234,1.664776325,0.189720017
200,0.659974247,1.564992189,0.140254591
201,0.656804025,1.718346834,0.173414012
202,0.659434736,1.517150402,0.145933718
203,0.626141399,1.788287163,0.234616934
204,0.639043897,1.527425766,0.178431821
205,0.658532917,1.630482197,0.162574771
206,0.634667784,1.762160778,0.199276517
207,0.638901383,1.37148881,0.245369005
208,0.641175181,1.504257679,0.215408784
209,0.611434773,1.650527239,0.213561889
210,0.642622232,1.749142766,0.178616421
211,0.625452593,1.759393215,0.162591779
212,0.603066623,1.883014679,0.197113412
213,0.65013808,1.718595505,0.210807685
214,0.662671685,1.861635685,0.152069818
215,0.678163946,1.68866694,0.147669838
216,0.662796199,1.545616269,0.199244316
217,0.651137888,1.696181536,0.253184632
218,0.637287408,1.795192957,0.256912905
219,0.648435682,1.917090058,0.139653187
220,0.643086895,1.653535604,0.136517865
221,0.638292387,2.014061213,0.146155876
222,0.649611533,1.868782997,0.137106164
223,0.647537827,1.602124095,0.209622423
224,0.625484571,1.71992743,0.269645721
225,0.622013062,1.716620803,0.164621332
226,0.642434075,1.907577634,0.163982229
227,0.660684705,1.633681536,0.127517662
228,0.655093819,1.833732963,0.12688063
229,0.637250096,1.867603064,0.149624272
230,0.625788972,1.699084759,0.145619275
231,0.615419298,1.840130568,0.121404126
232,0.609760031,1.754135013,0.195341915
233,0.640297025,1.734783649,0.172622208
234,0.606023192,1.739981651,0.241356545
235,0.604115695,1.853675604,0.155271888
236,0.583181575,1.734575033,0.245929451
237,0.551076621,1.79805398,0.228231555
238,0.56134218,1.779630303,0.208046936
239,0.552774429,1.681607008,0.253155648
240,0.603706032,1.969984412,0.166637438
241,0.637854725,1.583070993,0.142396183
242,0.604582697,1.721410751,0.142891796
243,0.611111954,1.659943461,0.180623596
244,0.626865804,1.523432016,0.202159945
245,0.620240301,1.542295218,0.162403628
246,0.615472808,1.679144621,0.138595209
247,0.637423187,1.725784302,0.157755096
248,0.637550473,1.723017931,0.131778076
249,0.647895664,1.697449446,0.176110479
250,0.61644426,1.994348764,0.130856373
251,0.605253831,1.758217692,0.161600806
252,0.603181392,1.825944066,0.149898899
253,0.629317164,2.105716705,0.111241776
254,0.619394749,2.014008284,0.129210806
255,0.641454041,1.481482983,0.152715836
256,0.635162771,1.788100004,0.14729742
257,0.62551029,1.97510457,0.120669586
258,0.642092466,1.515005827,0.113314209
259,0.637920082,1.737133384,0.147359824
260,0.631833553,1.806013107,0.199598544
261,0.635229737,1.695914984,0.164727002
262,0.617043346,1.975686073,0.190848165
263,0.602514625,1.60547328,0.173860596
264,0.59865576,1.702847362,0.201391202
265,0.572378367,1.960743189,0.289046141
266,0.557882279,1.883045197,0.245490186
267,0.612917632,1.646872044,0.244233772
268,0.660875529,1.789660454,0.174801039
269,0.678980649,1.642004609,0.315596623
270,0.638328195,2.099239349,0.237345669
271,0.681524545,1.918639898,0.260614032
272,0.689853728,1.784687638,0.287325082
273,0.663503766,1.781649947,0.253494157
274,0.660525322,1.837899566,0.209051846
275,0.64816165,1.696552515,0.396850057
276,0.64821133,2.259294033,0.27439173
277,0.671130687,1.866934299,0.360241164
278,0.620399058,1.698195934,0.30430424
279,0.618329823,1.586435556,0.22971143
280,0.636198819,2.053133488,0.251845884
281,0.617880508,1.732275009,0.22476921
282,0.610080704,1.821782947,0.347469884
283,0.63343522,1.92477262,0.465360978
284,0.669308305,1.774543762,0.41265861
285,0.604653448,1.914541006,0.39928852
286,0.612840787,1.821287394,0.213549506
287,0.624312833,1.966158152,0.319938107
288,0.661168128,1.737563372,0.296570191
289,0.643439025,1.737519741,0.250874788
290,0.633443952,1.712734938,0.380121278
291,0.614113986,1.888365984,0.410528405
292,0.608436137,2.13255167,0.391694053
293,0.648153424,1.955389023,0.44853288
294,0.66425252,1.989373684,0.241574513
295,0.650139987,2.121919632,0.146127908
296,0.611859724,1.99917531,0.298692856
297,0.607271463,2.215662241,0.164120817
298,0.652678013,2.138504505,0.155411673
299,0.613014162,1.968777895,0.240249538
300,0.655459762,1.906303406,0.313111835
301,0.587217093,2.003638029,0.210677233
302,0.526865155,2.384863853,0.235218283
303,0.551958069,1.955450535,0.399877608
304,0.583385646,1.797808647,0.286890148
305,0.598740041,1.830054164,0.460577276
306,0.613771021,1.993085742,0.510692014
307,0.628091156,1.948891878,0.330999527
308,0.608326435,1.860321164,0.423876292
309,0.616823673,1.861842394,0.196821056
310,0.648888648,2.137441158,0.257128096
311,0.65365234,2.101414204,0.222747718
312,0.645053566,1.901061296,0.253109313
313,0.665987372,1.814763069,0.290240828
314,0.626602501,1.87827754,0.355700031
315,0.652173221,2.021623611,0.289799296
316,0.658812404,1.828832865,0.367592154
317,0.590806246,1.954986334,0.437050671
318,0.625475109,1.615756989,0.561896045
319,0.635519892,1.911866546,0.587886254
320,0.612188637,2.177819252,0.374707181
321,0.569018662,1.982592106,0.40349827
322,0.579055399,1.897292495,0.578947184
323,0.612740248,1.800409079,0.221063438
324,0.614478409,2.632863522,0.391469875
325,0.607481077,1.781325579,0.324023752
326,0.57592757,1.776245117,0.362629775
327,0.583738118,2.067816496,0.340156384
328,0.656076878,2.036901712,0.387175328
329,0.647362709,1.99946332,0.273092302
330,0.637221247,1.935022116,0.516193415
331,0.651550829,1.904268742,0.208232335
332,0.611524835,1.802727699,0.393493763
333,0.580979317,1.692311764,0.729897251
334,0.604080349,2.042536736,0.354384074
335,0.673775226,1.947062016,0.338504818
336,0.629191816,2.071753979,0.469781993
337,0.656872779,1.785362363,0.720657015
338,0.671054482,2.016191244,0.669492594
339,0.644618601,1.898322344,0.551320315
340,0.643819273,2.211140394,0.408070956
341,0.603438854,2.082456589,0.566291128
342,0.614708006,2.38518858,0.440820996
343,0.640095621,2.257655621,0.267641348
344,0.601669759,2.144300222,0.25912516
345,0.640011549,2.319952965,0.569312715
346,0.621565431,2.442393303,0.475397562
347,0.629096508,2.274906158,0.535553547
348,0.61586529,2.084318399,0.461200852
349,0.625303328,2.012610912,0.450223041
350,0.600307733,1.980815887,0.436625337
351,0.623664528,2.054690599,0.351026944
352,0.579522863,2.138255596,0.342969607
353,0.598064393,1.756222129,0.193434584
354,0.59779799,1.920195103,0.286736103
355,0.623216778,2.206832886,0.244153737
356,0.611957282,2.13149333,0.203251025
357,0.55596295,2.087200642,0.222656113
358,0.610342458,2.276254177,0.208710413
359,0.625380158,2.429269075,0.26296357
360,0.558137357,1.880189419,0.333708383
361,0.499227062,1.916107416,0.452275669
362,0.566327214,1.974597573,0.242461713
363,0.624169827,2.230433226,0.336781917
364,0.574640095,2.18481946,0.47132591
365,0.570324585,2.113114357,0.164201508
366,0.593328029,1.965587139,0.242906657
367,0.607930601,2.009695292,0.35397346
368,0.593906343,2.370504856,0.236783757
369,0.601666033,2.280281067,0.278996866
370,0.653944492,1.902727723,0.228411375
371,0.59310919,2.213337183,0.251584915
372,0.62334305,2.053589106,0.25333332
373,0.655042231,2.388473511,0.215297618
374,0.629419953,2.225997448,0.219559282
375,0.622549415,2.062756538,0.294693952
376,0.625932902,2.371591806,0.318940101
377,0.579670161,2.357415676,0.288141468
378,0.567689285,2.182901859,0.48661243
379,0.626641482,1.84794116,0.291096157
380,0.6537202,2.148755074,0.212790196
381,0.650203615,2.1382761,0.324117322
382,0.596829981,2.323559284,0.51601712
383,0.592934608,2.160313368,0.700249327
384,0.591110289,2.138109684,0.616078862
385,0.610778242,2.140049219,0.740192478
386,0.592437923,2.020231485,0.429444058
387,0.624132454,2.297023296,0.867546458
388,0.615616262,2.166208029,0.467618904
389,0.589481682,2.190466642,0.357311119
390,0.567051917,2.330787659,0.525050948
391,0.592682049,2.533320904,0.504355441
392,0.672475278,2.550124168,0.906947734
393,0.596754402,2.505314589,0.550233986
394,0.582806975,2.002964973,0.864994258
395,0.654374003,2.027872086,0.40756393
396,0.620583057,2.262363911,0.72474423
397,0.609106809,2.226966381,0.419410187
398,0.581686139,1.938943505,0.338579435
399,0.613757938,2.198709011,0.34894765
400,0.58820653,2.002979279,0.242322802
401,0.607124358,2.732998371,0.298108988
402,0.562216237,2.370885611,0.477598223
403,0.619282365,2.551191807,0.353952006
404,0.623118073,2.225450993,0.303100183
405,0.59886235,2.02584672,0.383741889
406,0.64868474,2.402900696,0.492362626
407,0.551602274,1.931876779,0.32928732
408,0.549466237,2.268096209,0.334263816
409,0.623501658,2.143793344,0.320943127
410,0.517414764,2.709815264,0.560775594
411,0.561117724,2.281449795,0.313331433
412,0.607173234,2.063819408,0.34637483
413,0.580483139,2.351959229,0.28148173
414,0.541894227,2.331698418,0.419170404
415,0.559784621,2.518870354,0.502301638
416,0.611191392,1.907359719,0.519987388
417,0.585436344,2.3741436,0.182353857
418,0.595695674,2.177553177,0.315425743
419,0.62224552,2.209766865,0.2819629
420,0.602471113,2.374080181,0.229760417
421,0.5452061,2.366381168,0.52537636
422,0.592574984,2.394248247,0.285118795
423,0.59660542,2.243416309,0.162576332
424,0.566504702,2.338404655,0.276509971
425,0.58981213,2.826306105,0.190345254
426,0.595421225,2.224984407,0.191817849
427,0.552574545,2.063951492,0.241953875
428,0.552644551,2.150032997,0.366677136
429,0.613751441,2.364009857,0.305548891
430,0.630695343,2.491827965,0.240239725
431,0.661693186,1.913494706,0.391863839
432,0.628943086,2.493875027,0.363463603
433,0.622504592,2.033180237,0.285726263
434,0.619526833,2.149701595,0.226947149
435,0.597863436,2.631286144,0.358909212
436,0.613175094,2.386532307,0.237250603
437,0.645343691,2.164818764,0.692737222
438,0.581014469,2.610055447,0.273828284
439,0.570858374,2.275154591,0.389222621
440,0.60848552,2.313006401,0.191446234
441,0.579621077,2.449072599,0.247959657
442,0.564083815,2.632043362,0.437719449
443,0.548324317,1.940185189,0.262285017
444,0.608485848,2.508311033,0.201078154
445,0.561002061,2.355509043,0.192007338
446,0.617339462,2.206756592,0.264305038
447,0.636315912,2.336305141,0.24795885
448,0.596992284,2.476247311,0.234257886
449,0.61718142,2.445551634,0.307847653
450,0.623040974,2.444764614,0.212984161
451,0.628710568,2.218940258,0.237739913
452,0.552240938,1.968694448,0.344648909
453,0.53038758,2.284956455,0.590645371
454,0.611845732,2.386623621,0.212989425
455,0.626171023,2.283450603,0.304270944
456,0.58111392,2.158453226,0.29026233
457,0.62658152,2.555309772,0.313131151
458,0.637797654,2.676662445,0.186653026
459,0.597036898,2.252498627,0.248783314
460,0.568737477,2.76980114,0.327043414
461,0.598948717,3.041238308,0.186126709
462,0.638834566,2.219933033,0.284721893
463,0.589609325,2.442761898,0.227370109
464,0.607250601,2.374301434,0.407850806
465,0.611845404,2.67253828,0.295475227
466,0.619749993,2.25944376,0.241064764
467,0.569006667,2.384420395,0.29036339
468,0.538708687,2.404975414,0.311549636
469,0.573201954,3.004794121,0.303106534
470,0.579560459,2.871310711,0.22963187
471,0.618372291,2.294449329,0.160300951
472,0.573196381,2.430008411,0.32930525
473,0.581276,2.885380268,0.195691784
474,0.561391309,2.996109247,0.258872222
475,0.577008039,2.264511347,0.20476507
476,0.579602033,2.392731905,0.194172786
477,0.521855414,2.351677656,0.390241948
478,0.532034218,2.501534939,0.282375373
479,0.619513035,1.90927434,0.160164125
480,0.602394581,1.975870728,0.196927478
481,0.580905735,2.604329109,0.251112367
482,0.59028405,2.429839134,0.261144058
483,0.630460113,2.032827139,0.234349487
484,0.67284283,2.418644905,0.319889874
485,0.674126834,2.743917704,0.166222457
486,0.637354344,2.739914417,0.143437916
487,0.614520818,2.599983692,0.220348696
488,0.584342986,2.484181881,0.246795618
489,0.603143632,2.119971991,0.201471416
490,0.592458382,2.439798355,0.201854325
491,0.602082431,2.57297492,0.250204807
492,0.593328327,2.418678761,0.178540466
493,0.584760457,2.685056925,0.135432593
494,0.599730283,2.436080933,0.167111467
495,0.606894791,2.774128914,0.137171188
496,0.628559023,2.720252991,0.139076486
497,0.640369534,2.465708733,0.09563291
498,0.626820505,2.29372716,0.13769528
499,0.595819205,2.485175371,0.126608594
500,0.629364759,2.355350018,0.125017338
501,0.621199697,2.399363518,0.171198088
502,0.491378337,2.758156776,0.131277922
503,0.535928398,2.503464222,0.164835877
504,0.605139643,2.465681076,0.097364312
505,0.62256074,2.31414032,0.141019072
506,0.57308203,2.288359642,0.148027295
507,0.613402069,2.489050865,0.1351892
508,0.638175845,2.49953413,0.093784079
509,0.64151904,2.308926821,0.157474802
510,0.626889586,2.204430103,0.123462118
511,0.645935953,2.649047852,0.111817416
512,0.554665655,2.638140678,0.178633249
513,0.550750196,2.282582283,0.132899516
514,0.530784845,2.571905613,0.129222731
515,0.577657968,2.708739758,0.131545663
516,0.587317064,2.27622056,0.185907008
517,0.60672152,2.273962975,0.166988914
518,0.622421294,2.580779552,0.085213617
519,0.613365352,2.593258381,0.143030508
520,0.604445577,2.249715567,0.194962804
521,0.553276569,2.832507133,0.22192728
522,0.602781951,2.551329136,0.201738453
523,0.615869641,2.644200802,0.132754525
524,0.530170768,2.216589212,0.136472642
525,0.59523192,2.15779829,0.151726043
526,0.613394171,2.319768667,0.149712076
527,0.536906734,2.487383604,0.10915861
528,0.514270306,2.613910675,0.12457903
529,0.638474941,2.765930653,0.138694825
530,0.522500902,2.267691851,0.194477391
531,0.548279166,2.162154675,0.244408515
532,0.631462038,2.303863525,0.203645202
533,0.645618081,2.825312376,0.135816217
534,0.637541324,2.642626047,0.209425311
535,0.654999495,2.490676403,0.324327228
536,0.634200275,2.406553745,0.438995244
537,0.564147174,2.771088362,0.26996628
538,0.663047731,2.736987829,0.239578697
539,0.58754617,2.863199234,0.228847789
540,0.530792415,1.941588879,0.40177752
541,0.496564388,2.835675716,0.487789934
542,0.585865617,2.721786976,0.609712657
543,0.642274678,2.644612312,0.564307368
544,0.631795228,2.829558849,0.45183281
545,0.625570327,2.61635685,0.28857065
546,0.634408832,2.512307167,0.436937707
547,0.616110116,2.239434719,0.227230494
548,0.624039471,2.242338181,0.280615315
549,0.628645301,2.707151175,0.299681458
550,0.600697786,2.555157185,0.358491416
551,0.644193202,1.953124046,0.236002458
552,0.620001584,2.806391239,0.339934794
553,0.579267874,2.19184351,0.162445777
554,0.589805841,2.141655922,0.443014187
555,0.585594386,2.718385458,0.226231277
556,0.632747352,2.307396412,0.32999257
557,0.65046674,2.544693947,0.478447112
558,0.603550613,2.13926053,0.404183688
559,0.594920501,2.460408211,0.203788012
560,0.576722324,2.428806067,0.255068007
561,0.534310699,2.590692043,0.534371785
562,0.589380592,3.022881269,0.440849234
563,0.618898273,2.605580091,0.379342477
564,0.589794397,2.867233276,0.463059805
565,0.614411324,2.578892469,0.424343435
566,0.601385027,2.064356804,0.341202444
567,0.637566328,2.777525425,0.293141579
568,0.536797494,2.646143198,0.583488825
569,0.557305098,1.783519983,0.26580825
570,0.640856594,2.245730877,0.226990549
571,0.581164241,2.47821331,0.519715579
572,0.588883191,2.557376862,0.39776376
573,0.643657625,2.800046444,0.382556488
574,0.642508984,2.316949129,0.453806782
575,0.622303009,2.244503498,0.310669405
576,0.565741569,2.673129559,0.255315874
577,0.543961555,2.404014349,0.239591613
578,0.55822897,2.147990704,0.315317561
579,0.59583059,2.548082352,0.323667389
580,0.551767111,2.748158455,0.304757999
581,0.575131595,2.564813614,0.395365354
582,0.599024206,2.706944942,0.590642787
583,0.546027035,2.733582973,0.541435729
584,0.509877607,2.936376095,0.398852242
585,0.621195138,2.18164897,0.30137187
586,0.598056406,2.880004883,0.3001576
587,0.534109056,2.444793224,0.329964706
588,0.570054948,2.585315704,0.328837328
589,0.597264051,2.4911623,0.386995919
590,0.593074471,2.663168192,0.310273406
591,0.576926917,2.870149851,0.43216642
592,0.631753981,2.944157124,0.360844477
593,0.594792873,2.16092515,0.328090808
594,0.576331139,2.603003025,0.334412121
595,0.561095119,2.953475237,0.363394195
596,0.614681244,2.592022181,0.240517131
597,0.641587317,2.353186607,0.29375779
598,0.650916696,2.852754354,0.433699163
599,0.589917809,2.616878033,0.26328952
600,0.552089363,2.393925667,0.550662757
601,0.526177838,2.86343503,0.304230459
602,0.550540626,2.408668995,0.201528088
603,0.583336323,2.500460386,0.347057248
604,0.568111941,2.207808256,0.254666942
605,0.563886732,2.458429098,0.217732975
606,0.593721747,2.57130456,0.231399031
607,0.620126128,2.562371969,0.217243259
608,0.600894809,2.998739719,0.30869398
609,0.635573447,2.604990959,0.287416824
610,0.594536692,2.30288887,0.335441513
611,0.558339819,2.847204685,0.204929099
612,0.581184804,2.308436871,0.146657525
613,0.627362609,2.515251398,0.237436647
614,0.533500284,2.923834324,0.169155547
615,0.602248102,2.848206282,0.222246682
616,0.639500797,2.680615902,0.16352368
617,0.64478159,2.536535263,0.230517861
618,0.60300374,2.117741585,0.319421031
619,0.561898336,3.274528027,0.278026336
620,0.562783614,2.801359415,0.304529947
621,0.529730916,2.569591045,0.231344455
622,0.580890343,2.532768726,0.158804472
623,0.571797341,2.327750206,0.22360089
624,0.555187166,2.517348051,0.210642784
625,0.637784511,2.6741786,0.16990707
626,0.594451457,2.392005444,0.186282899
627,0.582425714,3.143017292,0.168326372
628,0.577305034,2.335930824,0.207420614
629,0.513299182,2.792561293,0.211916269
630,0.511400118,2.285552979,0.197704781
631,0.50771749,1.835601568,0.206660794
632,0.541346282,3.150362492,0.15467838
633,0.590118766,2.753923893,0.201606244
634,0.567006767,2.656956673,0.251318233
635,0.53184849,2.110082865,0.149155254
636,0.501920104,2.76158309,0.160967502
637,0.621055394,2.448521852,0.197576541
638,0.61117512,2.455579281,0.176532493
639,0.61735937,2.433813095,0.228630601
640,0.586824477,2.393054008,0.265713435
641,0.521071404,2.632668972,0.138356751
642,0.56586346,2.432732821,0.203396515
643,0.585359514,2.383719921,0.242267571
644,0.604550034,2.858495951,0.272677601
645,0.533706635,2.226526737,0.277665175
646,0.573669538,2.482271671,0.25164805
647,0.62195304,2.561787128,0.169921377
648,0.62430042,2.708059072,0.157868381
649,0.61632973,2.420752525,0.311404366
650,0.637001157,2.20233345,0.259478652
651,0.615772426,2.409997463,0.216617353
652,0.590372056,2.87911272,0.267872978
653,0.581401438,2.518623114,0.182248477
654,0.55130443,2.699925423,0.151503051
655,0.595334321,2.425336123,0.256690596
656,0.597556055,2.820217371,0.246397224
657,0.493455514,2.714725971,0.268621313
658,0.526614711,2.308577538,0.205661201
659,0.56630525,2.405034542,0.191302266
660,0.565439358,2.856405258,0.169792334
661,0.598067522,2.493335247,0.179162458
662,0.597350568,2.715793848,0.151623714
663,0.55910635,2.73831749,0.13827412
664,0.6400024,2.688622475,0.113913601
665,0.602276593,2.594799042,0.175639336
666,0.649969459,2.549221754,0.098696701
667,0.572745323,2.586493731,0.099462552
668,0.560888827,2.469968319,0.159227033
669,0.612363815,2.365475655,0.096581871
670,0.603135198,2.42583704,0.135404569
671,0.581249699,2.313258648,0.113434612
672,0.61427483,2.476222277,0.121612221
673,0.579929113,2.380023003,0.120894699
674,0.553625852,2.743999004,0.1392633
675,0.624565989,2.64923048,0.128279756
676,0.600801259,2.329652071,0.118262391
677,0.620935172,2.943077087,0.10693481
678,0.577074111,2.760626316,0.190717666
679,0.60740298,2.399261951,0.14246694
680,0.535812527,2.214737415,0.153575749
681,0.612534761,2.223481178,0.135290495
682,0.642366111,2.31555438,0.160884712
683,0.646589547,2.54402256,0.286746912
684,0.528664172,2.357354164,0.239392303
685,0.546157509,2.595954418,0.296868674
686,0.628121018,2.58557272,0.284454209
687,0.547371119,2.539633512,0.35023045
688,0.607646823,2.597570419,0.222808705
689,0.659534961,2.169047832,0.160095087
690,0.638772756,2.557091713,0.223080528
691,0.632268757,2.69102478,0.172233127
692,0.624723613,2.331581593,0.166843214
693,0.607564628,2.55411911,0.134420692
694,0.569837287,2.325760365,0.156573302
695,0.600448608,2.203866959,0.121691742
696,0.595522791,2.607847691,0.175376803
697,0.573631808,2.814488888,0.141101316
698,0.570528775,2.972408056,0.163250672
699,0.610858679,2.908591032,0.188525335
700,0.611963689,2.801397562,0.246981441
701,0.634516805,2.398993969,0.175727073
702,0.650393248,2.809040546,0.222842409
703,0.650231361,2.419047356,0.239030264
704,0.648558646,2.747169971,0.185193999
705,0.668843299,2.723833561,0.214609198
706,0.578113884,2.478701115,0.190988427
707,0.646974087,2.503761053,0.212025648
708,0.614160925,2.539298058,0.218282679
709,0.585087121,2.548125982,0.197570986
710,0.535789102,2.411415577,0.250070679
711,0.50705561,2.471540451,0.294069429
712,0.631405085,2.22695303,0.200723058
713,0.629697949,2.436528444,0.125416715
714,0.652080953,2.374723434,0.17699891
715,0.601606905,3.015944242,0.104030148
716,0.622401744,2.15605545,0.096319706
717,0.58944571,2.524931431,0.133974083
718,0.497440964,2.073566914,0.104986251
719,0.568333119,2.386014938,0.122873253
720,0.614893764,2.561548471,0.096247564
721,0.55877167,2.552196026,0.109311545
722,0.55855912,2.81733036,0.080274408
723,0.579767466,2.356725693,0.087238037
724,0.546405196,2.284801483,0.093852036
725,0.577766821,2.422539234,0.104804639
726,0.559275255,2.103629112,0.134502737
727,0.606461942,2.027786732,0.204202043
728,0.597661197,2.685735941,0.209475918
729,0.649391115,2.598152637,0.204884686
730,0.64654851,2.484850883,0.251628298
731,0.665137202,2.275224447,0.171601522
732,0.660035282,2.715981483,0.240455099
733,0.627382189,2.429803848,0.145441877
734,0.632200181,2.710106373,0.176509174
735,0.654856324,2.706639528,0.239098251
736,0.611043453,2.503433228,0.11692596
737,0.592587233,2.673482656,0.172219597
738,0.644356251,2.378628731,0.133022834
739,0.656766564,2.260091305,0.149874497
740,0.642323822,2.136505365,0.125332039
741,0.613537043,2.439851999,0.11854744
742,0.576135874,2.577917099,0.112994474
743,0.637670457,2.85724926,0.100524395
744,0.606818438,2.145927906,0.126355639
745,0.621333838,2.152619839,0.109251153
746,0.58515884,2.133323193,0.113976883
747,0.585573941,2.30461359,0.118983205
748,0.595944524,2.108799458,0.132350002
749,0.605779588,2.348962784,0.104734494
750,0.565635532,2.604204178,0.118198437
751,0.526774734,2.42662096,0.10250309
752,0.522031739,2.454137564,0.154628098
753,0.567604199,2.477304935,0.133576099
754,0.666019022,2.204201937,0.16139118
755,0.627693892,2.732090235,0.24888474
756,0.66102767,2.472420454,0.233398631
757,0.624503553,2.618046761,0.254123569
758,0.668376386,2.329382896,0.232245448
759,0.597503453,2.855354309,0.294312571
760,0.582104295,2.214070797,0.329598493
761,0.600554526,2.76577425,0.265439119
762,0.630728126,2.274829865,0.267825571
763,0.64185369,2.535073042,0.256004672
764,0.653025866,2.233518124,0.181441494
765,0.60854587,2.449823618,0.184089428
766,0.616189688,2.390721798,0.156641248
767,0.578492284,2.126620531,0.165892745
768,0.600325346,2.501585245,0.180942379
769,0.584672928,2.22456646,0.154665608
770,0.618491113,2.677565813,0.128506715
771,0.559818178,2.563689947,0.170958946
772,0.554999322,2.628221512,0.15808922
773,0.623518288,2.375991106,0.102004676
774,0.636853844,2.252112389,0.184072687
775,0.617890507,2.167189837,0.142915389
776,0.660926282,2.23864913,0.213082184
777,0.52376847,2.33226037,0.209595837
778,0.561420172,2.256934166,0.171858599
779,0.624277115,2.298376083,0.212660931
780,0.625060976,2.589176178,0.134439259
781,0.545381933,2.432667732,0.137211367
782,0.580599084,2.712170839,0.088912363
783,0.658351809,2.38010025,0.110020849
784,0.554631755,2.222957134,0.119938883
785,0.594771087,2.781158686,0.130028797
786,0.597917408,1.800595522,0.137851987
787,0.567758545,2.191633463,0.173769109
788,0.548015326,2.194178581,0.174383938
789,0.591484427,2.283563137,0.156917415
790,0.56862931,2.399225473,0.107512882
791,0.51163134,2.474200726,0.121160315
792,0.578570753,2.535320282,0.125293813
793,0.580918252,2.003783226,0.142734436
794,0.51614359,2.581269264,0.165971993
795,0.592241049,1.987218738,0.125577182
796,0.613391191,2.064248085,0.191573955
797,0.626941502,2.069738865,0.178465778
798,0.583582431,2.348062277,0.149239503
799,0.5939942,2.646761417,0.175472137
800,0.6195575,2.046510696,0.163221323
801,0.618951648,1.936211586,0.179524333
802,0.621350944,2.414534092,0.141266175
803,0.591646254,2.36845994,0.152751887
804,0.567710519,2.08816123,0.178197059
805,0.620737791,2.367300034,0.204142843
806,0.631130874,1.759226322,0.200632865
807,0.64505583,2.130304813,0.251930649
808,0.639220685,2.168609381,0.250688857
809,0.57814911,1.877932549,0.224615043
810,0.562693059,2.388319254,0.291034619
811,0.578697056,2.242333889,0.260455345
812,0.633676201,1.906393051,0.238818599
813,0.635624409,1.789974093,0.268617896
814,0.651379526,2.184504509,0.196102625
815,0.633633792,1.916054487,0.190995256
816,0.624193311,2.267010212,0.183267565
817,0.594773233,1.967358828,0.273932648
818,0.537477002,2.610730648,0.260163195
819,0.540800661,2.0855937,0.327482513
820,0.579665244,1.95098269,0.242926203
821,0.611697674,2.418864727,0.173711634
822,0.544121921,2.476742744,0.205517007
823,0.59274514,1.811470151,0.230013383
824,0.638599038,2.12191391,0.280393859
825,0.614964455,2.338596106,0.235542304
826,0.59118408,1.835871935,0.219845945
827,0.666749269,2.396173477,0.207259367
828,0.662857562,2.025409937,0.226585663
829,0.613912195,2.223090649,0.286342187
830,0.638739109,1.824678898,0.203821573
831,0.590185776,1.674283981,0.186564993
832,0.588648438,2.183448553,0.146549846
833,0.590453684,2.269536018,0.183595433
834,0.622381866,2.175537348,0.169718101
835,0.600759655,2.207182884,0.12905392
836,0.554300144,2.194558382,0.147712724
837,0.496002048,2.166415215,0.136889285
838,0.531970978,2.352367878,0.165969141
839,0.657943219,2.0036273,0.190344163
840,0.648352534,1.852913141,0.161842854
841,0.575007632,2.10072279,0.137071641
842,0.579713151,2.190354109,0.111089018
843,0.637796462,2.013608932,0.107900779
844,0.598287791,2.119590759,0.093224836
845,0.563164681,1.944853306,0.11169324
846,0.549334556,2.167069435,0.102326414
847,0.513864011,1.838930607,0.152657819
848,0.516162634,1.962871432,0.131447503
849,0.4858284,1.854285717,0.116571814
850,0.532853037,2.377420425,0.11097987
851,0.615037024,1.740242839,0.11756987
852,0.635810375,1.956533194,0.141013698
853,0.647178948,2.397221088,0.157468353
854,0.562765568,2.00720644,0.159137809
855,0.652048916,2.130651951,0.124659631
856,0.674498051,1.661427259,0.162790581
857,0.630247235,1.870470643,0.115045815
858,0.604384214,2.144857407,0.147351912
859,0.627239048,2.210243702,0.123252647
860,0.585971519,1.846150517,0.153161684
861,0.609478354,2.293213367,0.158355587
862,0.635417342,2.172785282,0.179144479
863,0.639092982,1.904706359,0.146411319
864,0.670549303,1.932947636,0.156105748
865,0.668942809,2.04501152,0.200562542
866,0.659118026,1.831702471,0.182956393
867,0.587948591,1.956451893,0.20033951
868,0.572127089,2.460448503,0.19922588
869,0.671305597,1.870769739,0.13076355
870,0.658481419,2.205965757,0.135165213
871,0.671554834,1.955986023,0.159505478
872,0.637712061,1.69925046,0.118373996
873,0.64984715,2.250080585,0.124337524
874,0.611521557,2.289601803,0.104078793
875,0.614782497,2.201653242,0.173572749
876,0.662123382,1.997405529,0.151851432
877,0.68005535,2.036778688,0.132312902
878,0.658069104,2.157602549,0.125590962
879,0.625356406,2.328605175,0.176654501
880,0.611604005,2.310179949,0.169945321
881,0.651283622,1.870172501,0.12937742
882,0.557982028,1.88135314,0.131110932
883,0.677989334,2.000620604,0.137229418
884,0.645310611,2.287475109,0.136787928
885,0.613123685,1.73568511,0.18426121
886,0.576907292,2.173392773,0.149393843
887,0.585484922,2.240448475,0.155059309
888,0.616595417,1.992837787,0.166404985
889,0.637239903,1.624571919,0.125069723
890,0.59769392,1.99798584,0.147195845
891,0.58406049,2.172962427,0.191275919
892,0.668586642,1.832152367,0.162621848
893,0.626241624,1.954410553,0.17096028
894,0.566788882,1.939509869,0.191059448
895,0.569604903,1.834192038,0.217906786
896,0.591632739,2.180472851,0.164953187
897,0.623979211,1.961210012,0.139284623
898,0.667990565,1.937230349,0.15624796
899,0.607950777,2.098075867,0.172733875
900,0.582857177,1.908671737,0.19593736
901,0.634983718,2.254823685,0.157421655
902,0.559116066,2.183013916,0.212534391
903,0.609284818,2.132300854,0.242691538
904,0.664847493,1.795606136,0.239253534
905,0.646855265,1.913961053,0.203120079
906,0.684844792,1.675403595,0.167045608
907,0.6739057,1.969442368,0.245108035
908,0.684387356,2.178874254,0.218907947
909,0.609346569,2.142481327,0.18188526
910,0.684058905,1.811817288,0.20243929
911,0.640768707,1.682492733,0.181932929
912,0.671195447,2.05051136,0.215277984
913,0.642220974,1.954602718,0.217278216
914,0.626519322,1.769019842,0.1447142
915,0.620068759,1.823759556,0.193117878
916,0.583654255,1.748616338,0.155565916
917,0.616175652,1.985483885,0.161802011
918,0.607025504,2.052793503,0.192131047
919,0.614405334,1.940883756,0.145595211
920,0.626455903,1.938956499,0.14008763
921,0.583270669,2.369367361,0.127466036
922,0.647432506,1.980505824,0.148151486
923,0.618754983,1.558867335,0.124235224
924,0.530390188,2.233916283,0.190405616
925,0.604128152,1.565854073,0.135795455
926,0.665382415,2.001125336,0.16420853
927,0.64939028,1.859627485,0.139300201
928,0.610479593,1.879724026,0.192971764
929,0.593658239,2.034421444,0.206663234
930,0.5811207,1.715318203,0.179470263
931,0.644515663,1.741662502,0.176135521
932,0.603515476,1.872816205,0.175241231
933,0.609452546,1.929135323,0.164457198
934,0.680498898,1.83163476,0.199378284
935,0.600185782,1.699458957,0.242310431
936,0.635407686,1.972986579,0.168172932
937,0.594636127,2.17345953,0.24001948
938,0.628882825,1.623862267,0.210323044
939,0.608561188,1.808144331,0.137765634
940,0.609419584,1.98056674,0.183691207
941,0.668420911,1.663344145,0.166663965
942,0.613670826,2.060029984,0.194163402
943,0.679000199,1.564348698,0.164681308
944,0.659087002,1.97187829,0.181319981
945,0.588699847,2.18617487,0.183862332
946,0.603726834,1.755823851,0.213576256
947,0.656453103,1.826535463,0.18045177
948,0.596898004,1.882324457,0.184595542
949,0.554261744,1.970902085,0.138148452
950,0.613128334,1.688991547,0.190209158
951,0.622531295,1.909122705,0.189364021
952,0.659679323,1.511394501,0.193144871
953,0.672245681,1.597745657,0.131954234
954,0.679884911,1.594762802,0.146406985
955,0.582629055,1.897296906,0.181426667
956,0.677524388,1.865323305,0.147436672
957,0.637167007,2.016173601,0.161626765
958,0.626392186,2.022753,0.184832778
959,0.608861625,2.110140324,0.166168477
960,0.604404941,1.88613224,0.221556693
961,0.628337145,1.604633093,0.239022151
962,0.617551446,1.67803359,0.212683955
963,0.640972584,1.769227386,0.185612599
964,0.600916326,1.557336569,0.148834421
965,0.653197527,1.647193432,0.122685882
966,0.653515071,1.579275608,0.169274999
967,0.53557387,1.909531474,0.142799055
968,0.620997548,1.77683866,0.135116071
969,0.569603324,1.656791091,0.165223524
970,0.576589078,1.697079182,0.105125863
971,0.657209575,1.763903141,0.147599488
972,0.592522711,1.557149768,0.153473522
973,0.628135741,1.594392538,0.129527385
974,0.606084228,1.736310244,0.135554553
975,0.611629963,1.903129816,0.117057639
976,0.622153759,1.788339019,0.150326081
977,0.638295561,1.793451309,0.144047211
978,0.649993122,1.714164257,0.148709857
979,0.654062867,1.536753178,0.175756648
980,0.585437655,1.93390286,0.189246976
981,0.603785709,1.328478336,0.165506049
982,0.617301494,1.778373122,0.155795081
983,0.646409392,1.705835223,0.178252922
984,0.60325861,1.606162071,0.191861887
985,0.586568981,1.725028038,0.152146825
986,0.62748912,1.512055516,0.173340648
987,0.622019529,1.627245903,0.161507473
988,0.560102522,1.581313848,0.158211011
989,0.563991994,1.733490229,0.136100069
990,0.597828716,1.580477357,0.136321888
991,0.601102412,1.659838557,0.184634198
992,0.643327177,1.688224435,0.172155383
993,0.546658069,1.985219002,0.119294344
994,0.628408492,1.431588173,0.183042506
995,0.629312485,1.463769913,0.157111558
996,0.587727338,1.628359079,0.125384735
997,0.622012883,1.749337435,0.161376219
998,0.618318439,1.446735859,0.172170405
999,0.58638525,1.772745013,0.171366595
1000,0.614511073,1.620432615,0.137039044
1001,0.599078119,1.400778055,0.179358012
1002,0.554734901,1.71410203,0.137429208
1003,0.614599764,1.749937057,0.171221695
1004,0.619205505,1.258168459,0.182771468
1005,0.594724476,1.711148024,0.179998069
1006,0.627625763,1.345843554,0.155128736
1007,0.557990476,1.576412678,0.126390738
1008,0.557817519,1.739926577,0.133925329
1009,0.651503086,1.643079758,0.157000668
1010,0.586674422,1.42009449,0.139015339
1011,0.584865719,1.33524704,0.233669851
1012,0.646486193,1.647429228,0.180629989
1013,0.551059961,1.427645564,0.122600336
1014,0.577747732,1.482736349,0.151243857
1015,0.6612041,1.474925518,0.141925438
1016,0.619169116,1.346006751,0.17443815
1017,0.629496008,1.344410419,0.140665267
1018,0.647951573,1.367326736,0.087628852
1019,0.614535272,1.552855253,0.12370732
1020,0.60503599,1.543758869,0.181518367
1021,0.630698174,1.675137043,0.174362104
1022,0.607824922,1.663972855,0.187134485
1023,0.663391054,1.380939245,0.185770153
1024,0.661662132,1.288040161,0.14474629
1025,0.637389064,1.501329064,0.140706237
1026,0.651869714,1.495543242,0.131785036
1027,0.627243996,1.175728321,0.156956479
1028,0.666597188,1.379431844,0.134422179
1029,0.613618076,1.550932169,0.102465384
1030,0.621350259,1.421760321,0.16092679
1031,0.668258399,1.445573449,0.156548752
1032,0.653352976,1.462693334,0.142176153
1033,0.631896317,1.564091086,0.170741113
1034,0.632462889,1.404591084,0.170011342
1035,0.6183483,1.358463287,0.203994388
1036,0.620475113,1.423795819,0.147893497
1037,0.627192229,1.41567874,0.177027096
1038,0.624505043,1.361782074,0.213681574
1039,0.563002765,1.573521256,0.203074269
1040,0.605245858,1.391639233,0.157446292
1041,0.634724379,1.555818796,0.219237177
1042,0.647176534,1.332870007,0.164861767
1043,0.678120464,1.119053364,0.200935569
1044,0.66166234,1.39726162,0.164762334
1045,0.647745728,1.427658081,0.17074396
1046,0.639044225,1.494895935,0.144367414
1047,0.63651666,1.220941305,0.129392344
1048,0.607916534,1.391251206,0.152064283
1049,0.675971419,1.694532871,0.192966344
1050,0.577705443,1.471587896,0.154756141
1051,0.66642037,1.467786551,0.173042006
1052,0.621514082,1.578071117,0.199389898
1053,0.587550104,1.426879883,0.201132713
1054,0.628509402,1.672861099,0.152749828
1055,0.598679081,1.376956582,0.14635509
1056,0.607048899,1.384798288,0.130641056
1057,0.673721075,1.386553407,0.141968763
1058,0.644461006,1.216845632,0.198466186
1059,0.615784854,1.283972621,0.162624499
1060,0.632102281,1.431515813,0.141907329
1061,0.603431314,1.21506083,0.1623443
1062,0.634851694,1.310155153,0.138233972
1063,0.618538022,1.48244679,0.148011075
1064,0.649893135,1.240615368,0.15078251
1065,0.656868339,1.30362916,0.119196668
1066,0.620019883,1.270854473,0.134099616
1067,0.663273782,1.31075716,0.140677814
1068,0.571390405,1.655552983,0.163652494
1069,0.672557086,1.304200172,0.127622193
1070,0.620654285,1.453912973,0.116996308
1071,0.669109344,1.329805851,0.153479673
1072,0.601199925,1.281286001,0.191410319
1073,0.60281527,1.360490799,0.169201261
1074,0.668389887,1.278829575,0.161389319
1075,0.647571385,1.385099649,0.112060825
1076,0.605464742,1.271010399,0.150028744
1077,0.570855975,1.319798231,0.158345173
1078,0.61081481,1.220184207,0.162329584
1079,0.668884754,1.220769525,0.134079505
1080,0.596037522,1.346312523,0.142885553
1081,0.642677128,1.312563419,0.183227251
1082,0.585076287,1.222740412,0.219541558
1083,0.658798516,1.129328847,0.143589311
1084,0.653322905,1.19704783,0.187373214
1085,0.626959264,1.245209932,0.140525932
1086,0.604314506,1.23800385,0.19603322
1087,0.661601812,1.140319467,0.137311006
1088,0.670204014,1.295151949,0.144569697
1089,0.645835608,1.104740381,0.166310878
1090,0.634033084,1.244928122,0.138797966
1091,0.611272722,1.292160034,0.152048425
1092,0.602761954,1.357987165,0.150284546
1093,0.651760727,1.248865128,0.118386859
1094,0.603093609,1.341967821,0.134475248
1095,0.629596978,1.152458906,0.14998679
1096,0.663877875,1.313492417,0.14146404
1097,0.657577544,1.270276904,0.15982287
1098,0.64252457,1.400520325,0.161728946
1099,0.657674402,1.227504373,0.150827387
1100,0.662191749,1.267307043,0.146756705
1101,0.660849512,1.255359411,0.201584992
1102,0.658585817,1.246119261,0.158962274
1103,0.641974509,1.214447498,0.22674852
1104,0.632194608,1.183544874,0.180742488
1105,0.588425264,1.257373095,0.267500342
1106,0.677326053,1.19338119,0.281492706
1107,0.655460417,1.088676929,0.282103178
1108,0.633196384,1.272614598,0.268062714
1109,0.677908838,1.145509481,0.269292375
1110,0.689428866,1.29780829,0.218589659
1111,0.628297836,1.196095228,0.283624276
1112,0.653843939,1.197541475,0.306321115
1113,0.699461758,1.177414179,0.264050284
1114,0.660864383,1.28737092,0.237788141
1115,0.653627694,1.050144672,0.219331854
1116,0.65777421,1.200822711,0.186297464
1117,0.675780088,1.249361634,0.243014523
1118,0.602672413,1.215606689,0.256343032
1119,0.650979608,1.215319514,0.229212176
1120,0.599957377,1.149847388,0.151622111
1121,0.615977809,1.235340476,0.157477556
1122,0.665349275,1.1033113,0.131184187
1123,0.598601103,1.195503592,0.164442155
1124,0.651194841,1.134055495,0.143329645
1125,0.618503213,1.009806991,0.123674432
1126,0.669098258,1.143973231,0.145475027
1127,0.59936592,1.14782393,0.153892039
1128,0.59297657,1.152073145,0.114594263
1129,0.614105225,1.080267787,0.099079133
1130,0.664580405,1.083313584,0.121756472
1131,0.673761666,1.049475789,0.125003585
1132,0.680516958,1.091683149,0.116556495
1133,0.624291062,1.089653969,0.129057233
1134,0.64518249,1.023024559,0.139570858
1135,0.633764416,1.134899139,0.183496519
1136,0.682686806,1.058859587,0.165555653
1137,0.654184252,1.133803725,0.172270261
1138,0.68244344,0.990840495,0.171497083
1139,0.660872757,1.165889382,0.161460258
1140,0.671628416,1.203184366,0.170368514
1141,0.628729552,1.085333347,0.167724889
1142,0.648083001,1.082939625,0.180176689
1143,0.611010268,1.122588158,0.12995608
1144,0.649830282,1.068225861,0.135171404
1145,0.657364458,1.095757842,0.154803028
1146,0.662190735,0.994963109,0.15492179
1147,0.631984591,1.049713016,0.137790539
1148,0.652397037,1.018790245,0.192964616
1149,0.635650903,1.124561071,0.144243397
1150,0.633193254,1.063515902,0.144638706
1151,0.623095632,1.173363686,0.197432586
1152,0.654469311,1.047160625,0.150315835
1153,0.68759805,0.954434097,0.145565663
1154,0.636543453,0.994065881,0.116931867
1155,0.66760388,0.982019007,0.122367771
1156,0.662871242,1.057859659,0.112225004
1157,0.609152138,1.158101797,0.116066962
1158,0.685048729,0.935651779,0.110679981
1159,0.692271173,1.026645184,0.167063555
1160,0.667514682,0.97663945,0.164378878
1161,0.679084301,0.989548981,0.161821375
1162,0.648878634,1.08450377,0.216722078
1163,0.687061131,0.999615073,0.131983796
1164,0.659770727,1.047557831,0.179440509
1165,0.661174327,0.987727582,0.129321691
1166,0.643533438,1.026384115,0.270621876
1167,0.64922452,1.015584707,0.23675662
1168,0.650699526,1.039266825,0.188894869
1169,0.648589611,0.994693756,0.17698756
1170,0.639642894,1.002851009,0.240525506
1171,0.681752622,0.947855175,0.203794043
1172,0.650381565,1.011445165,0.195462662
1173,0.669288546,0.899304986,0.18825959
1174,0.600168601,1.08849144,0.198995176
1175,0.671931535,1.023302794,0.199452579
1176,0.65640673,1.064291,0.179844829
1177,0.655036449,1.037302732,0.147771302
1178,0.649676085,0.929855645,0.220578217
1179,0.675910592,0.931852996,0.11746156
1180,0.688632041,0.894753814,0.193023711
1181,0.666890234,1.009310246,0.203046461
1182,0.66834116,0.920244873,0.169078426
1183,0.653745651,1.024137735,0.161914622
1184,0.606241167,1.202967644,0.147782378
1185,0.589892268,1.108965635,0.159190423
1186,0.659384578,1.073941112,0.135552768
1187,0.688887149,0.904164672,0.135368881
1188,0.658753723,0.968269229,0.136329845
1189,0.634901345,0.957756162,0.152089586
1190,0.653473884,0.933108747,0.180291667
1191,0.644109428,0.899052262,0.136840982
1192,0.64756614,0.924216747,0.181692585
1193,0.679701507,0.908249676,0.125848847
1194,0.646504253,0.930666864,0.177973088
1195,0.629712701,0.9862746,0.167682529
1196,0.678317755,0.892601609,0.183461629
1197,0.626608133,1.018286347,0.170592321
1198,0.634825259,0.967818975,0.196724589
1199,0.626611888,0.974833608,0.209078548
1200,0.641098171,0.997230649,0.130181944
1201,0.585840255,1.104438663,0.221778979
1202,0.620782048,0.949297667,0.17000687
1203,0.643836379,0.908165336,0.153962406
1204,0.667958349,0.930021226,0.174085384
1205,0.619445965,1.035419703,0.163648979
1206,0.620307505,0.95727843,0.137928986
1207,0.673217326,0.916038215,0.186206594
1208,0.654138982,0.87010181,0.12172724
1209,0.653832644,0.904804289,0.234471422
1210,0.644231141,0.940078318,0.186438571
1211,0.652749717,0.907636583,0.143102794
1212,0.664012522,0.859897971,0.13699467
1213,0.668980271,0.882980227,0.136333215
1214,0.66478163,0.898730159,0.144314534
1215,0.575549811,1.13770175,0.200485862
1216,0.641934961,0.99196291,0.233284833
1217,0.674782902,0.85289526,0.209184457
1218,0.652744651,0.907780468,0.188265415
1219,0.670120358,0.853099048,0.218379654
1220,0.643065691,0.95517087,0.206714864
1221,0.643319964,0.904819012,0.217947186
1222,0.678060263,0.917435646,0.150240042
1223,0.67934975,0.905471981,0.147348949
1224,0.6254417,0.931782603,0.144106062
1225,0.614610732,0.976856768,0.185062006
1226,0.661758065,0.918840408,0.167684851
1227,0.660679281,0.906929135,0.121364748
1228,0.649482667,0.941473484,0.152621597
1229,0.65342623,0.939054012,0.145879877
1230,0.671979904,0.892337918,0.164768368
1231,0.665755063,0.877714872,0.237103935
1232,0.667293727,0.905180335,0.259144339
1233,0.625180185,0.970261574,0.158073406
1234,0.6555731,0.913720012,0.14285728
1235,0.665999651,0.927942872,0.24297157
1236,0.652915001,0.885051012,0.214614176
1237,0.623851061,0.89626193,0.234919661
1238,0.656356633,0.957321048,0.154933568
1239,0.655321121,0.916037321,0.155438459
1240,0.676506639,0.867931962,0.144916574
1241,0.612872064,0.996199608,0.201683938
1242,0.604836106,1.052139997,0.20002858
1243,0.656343818,0.837983072,0.144788302
1244,0.681062579,0.786616027,0.160198263
1245,0.653954089,0.912491143,0.176048203
1246,0.611116946,0.970151663,0.141335603
1247,0.650783211,0.873425245,0.164863598
1248,0.660306782,0.843988955,0.13988041
1249,0.659269154,0.928896427,0.184440966
1250,0.648177922,0.894777894,0.206781594
1251,0.655216992,0.891738296,0.185757506
1252,0.645599544,0.885245085,0.211126766
1253,0.642918289,0.873285711,0.207030749
1254,0.624133825,0.921882093,0.231429819
1255,0.596807942,0.938416064,0.225805378
1256,0.691875011,0.818828464,0.179551221
1257,0.667721719,0.816668451,0.150458791
1258,0.67585057,0.843480468,0.153318767
1259,0.628246665,0.956577659,0.125941377
1260,0.628472805,0.937097192,0.257821174
1261,0.650137544,0.888172507,0.220741238
1262,0.626621962,0.964940727,0.17722475
1263,0.659964204,0.842473984,0.211585379
1264,0.619708568,0.889749765,0.15541852
1265,0.652247488,0.921765625,0.198187681
1266,0.623175085,0.941883445,0.149900024
1267,0.683623403,0.796352446,0.275192342
1268,0.68675068,0.808200479,0.235731171
1269,0.679610908,0.825636983,0.196198439
1270,0.659355193,0.854583204,0.222848654
1271,0.612830877,0.999546707,0.204184795
1272,0.621813208,0.928538322,0.204488882
1273,0.660022944,0.868376136,0.159729875
1274,0.634306997,0.908760905,0.277402562
1275,0.646857053,0.889737427,0.209768848
1276,0.651017725,0.878592134,0.1719396
1277,0.636387557,0.956301391,0.204961651
1278,0.60603857,1.034256935,0.230740686
1279,0.663332552,0.838906407,0.133684998
1280,0.629255861,0.973052502,0.138467734
1281,0.649902731,0.914503336,0.184735634
1282,0.64616698,0.907081366,0.150222409
1283,0.672264755,0.874238372,0.165207316
1284,0.674546093,0.823129952,0.278549217
1285,0.657140434,0.894720554,0.251982542
1286,0.609853849,0.975580513,0.229951932
1287,0.660138905,0.877146482,0.176637329
1288,0.657093018,0.869315445,0.160941487
1289,0.637558997,0.884253442,0.16619464
1290,0.642296195,0.959713221,0.177734978
1291,0.689395845,0.798934042,0.173143841
1292,0.63871929,0.933511376,0.160568063
1293,0.637216061,0.947824597,0.173549606
1294,0.662714303,0.893649578,0.175538041
1295,0.70209527,0.849865913,0.176003508
1296,0.61751312,0.966543794,0.180405702
1297,0.65167731,0.858861089,0.254948709
1298,0.680421621,0.830698252,0.17736796
1299,0.670100719,0.866246462,0.307670797
1300,0.718754828,0.82162714,0.14231577
1301,0.685944855,0.833251834,0.182528227
1302,0.66527757,0.958616614,0.237746666
1303,0.617742702,1.027180076,0.302000668
1304,0.65747574,0.93492949,0.249390143
1305,0.666146487,0.888382494,0.222877899
1306,0.661776811,0.975627184,0.225906012
1307,0.64359507,0.949451208,0.213323754
1308,0.649740964,0.92650032,0.258460621
1309,0.644651771,0.938214123,0.261530482
1310,0.653639466,0.910810709,0.271094243
1311,0.639407963,0.967520297,0.38119906
1312,0.644826531,0.990497768,0.199459421
1313,0.649834245,0.97324568,0.163030595
1314,0.650629044,1.019220829,0.220271515
1315,0.675543785,0.873799324,0.245548733
1316,0.681366652,0.864406705,0.366650877
1317,0.674218386,0.887041807,0.381161744
1318,0.650045633,0.923541903,0.30597458
1319,0.618171304,1.002477884,0.282484929
1320,0.674671203,0.881243229,0.311720951
1321,0.647988141,0.884448528,0.200124925
1322,0.653912097,0.910378575,0.384553785
1323,0.692467272,0.825705647,0.202173263
1324,0.673180372,0.918608189,0.225593149
1325,0.669941992,0.890053034,0.2378401
1326,0.645086229,0.98221755,0.235004487
1327,0.650180936,0.927353382,0.280632742
1328,0.676110208,0.825227141,0.394806798
1329,0.682916641,0.882308006,0.361523809
1330,0.652609825,1.00908494,0.201048713
1331,0.665977508,0.967469931,0.189799758
1332,0.647170335,0.967076302,0.262062692
1333,0.653714329,0.913251758,0.293176349
1334,0.636952251,0.946305335,0.156309136
1335,0.660767704,0.896341801,0.238711044
1336,0.645032704,0.937724411,0.220296024
1337,0.5968851,1.088282108,0.241901145
1338,0.664008111,0.855220258,0.211045005
1339,0.677198112,0.833490789,0.148698563
1340,0.673442423,0.860397935,0.187596905
1341,0.669527709,0.885926843,0.150927843
1342,0.660460353,0.907089651,0.184091905
1343,0.654910594,0.892647028,0.126281711
1344,0.642319202,0.919307113,0.14489177
1345,0.636545926,0.996242821,0.104969824
1346,0.632965446,1.004091024,0.149323598
1347,0.690860361,0.816335618,0.127203784
1348,0.674845427,0.879220724,0.11830752
1349,0.660700262,0.876234651,0.091634879
1350,0.640464157,0.931452334,0.160259393
1351,0.651699632,0.890364349,0.137355441
1352,0.61584568,0.967512965,0.146387751
1353,0.69028917,0.831327438,0.108352136
1354,0.651499867,0.888058007,0.134345737
1355,0.617215991,1.041922092,0.165979273
1356,0.651497841,0.914087594,0.148315632
1357,0.683664978,0.849500716,0.127450544
1358,0.623933837,0.997277617,0.117041441
1359,0.682154924,0.824747562,0.132741962
1360,0.65930444,0.894180775,0.101328261
1361,0.623558432,0.997508347,0.188122632
1362,0.652497292,0.900141358,0.144436972
1363,0.687318206,0.830168962,0.182840208
1364,0.678885639,0.839928985,0.126164835
1365,0.65905261,0.848055243,0.179913629
1366,0.643666238,0.904656172,0.193787894
1367,0.630768925,0.968599558,0.159188114
1368,0.662558824,0.8694489,0.153820921
1369,0.631918311,0.949332297,0.166177008
1370,0.645285487,0.908808768,0.178272503
1371,0.626915008,0.996729553,0.123650979
1372,0.683784425,0.80974555,0.1850509
1373,0.655081809,0.928040743,0.168643629
1374,0.671371877,0.833164334,0.211825809
1375,0.696632683,0.802066565,0.273112115
1376,0.70122093,0.803151846,0.243953183
1377,0.642905146,0.925219536,0.251944471
1378,0.641497731,0.996514916,0.209172754
1379,0.668975443,0.852028489,0.228807088
1380,0.671671242,0.881981254,0.207275155
1381,0.636252552,0.90844202,0.244999991
1382,0.65221107,0.864905596,0.257919576
1383,0.665612966,0.916685224,0.205431347
1384,0.662220687,0.865548372,0.196069413
1385,0.648850679,0.93195504,0.142470379
1386,0.657393813,0.877148271,0.231457351
1387,0.685142636,0.78762567,0.228581321
1388,0.676945448,0.825329959,0.23687768
1389,0.665368229,0.853839755,0.196810371
1390,0.662344396,0.855543971,0.225715774
1391,0.685521603,0.796670318,0.197548302
1392,0.677541852,0.859706402,0.24103893
1393,0.653737277,0.876448035,0.180414563
1394,0.645550281,0.87689364,0.23079998
1395,0.680078,0.840287447,0.121536134
1396,0.650326967,0.869098783,0.216626545
1397,0.646029145,0.889157295,0.17419545
1398,0.638884902,0.938107848,0.156122571
1399,0.683791637,0.796927392,0.196347201
1400,0.67120564,0.867191911,0.172015773
1401,0.626791507,0.891965866,0.13108198
1402,0.646747738,0.908726573,0.151120409
1403,0.62967509,0.925593436,0.18776863
1404,0.648055494,0.875153124,0.180036396
1405,0.65410319,0.88655597,0.132792691
1406,0.632449329,0.879371107,0.157971189
1407,0.647055715,0.912997425,0.138515219
1408,0.680262864,0.841621578,0.19202601
1409,0.675131202,0.823423088,0.115828101
1410,0.653165162,0.869778633,0.152854024
1411,0.643980205,0.86570096,0.170000915
1412,0.687475055,0.778696537,0.150080994
1413,0.65407005,0.837640405,0.148001954
1414,0.674398899,0.861679971,0.182817523
1415,0.64042902,0.940285981,0.120156863
1416,0.636099637,0.915217757,0.207807242
1417,0.670117617,0.796578228,0.099324466
1418,0.661948055,0.818368673,0.186021678
1419,0.672101259,0.810418427,0.127261885
1420,0.651070356,0.8704651,0.122309464
1421,0.639887333,0.845221937,0.110854182
1422,0.677033246,0.802268028,0.129713964
1423,0.685651362,0.805093527,0.146907723
1424,0.666939348,0.844500184,0.163583448
1425,0.629861087,0.967327118,0.185090299
1426,0.648396403,0.94665736,0.117292981
1427,0.675189525,0.803831518,0.179773523
1428,0.673995525,0.831252337,0.134956382
1429,0.670988977,0.854516983,0.222437616
1430,0.648259282,0.866986871,0.186595143
1431,0.688124537,0.775777698,0.1813419
1432,0.677585214,0.794970512,0.234398292
1433,0.634598374,0.956980109,0.215601762
1434,0.656782418,0.861706495,0.215126423
1435,0.669595003,0.824057102,0.297011207
1436,0.674643487,0.799500704,0.184744595
1437,0.665873468,0.817205489,0.222939288
1438,0.661830902,0.848875403,0.177052199
1439,0.657556295,0.866505682,0.238123249
1440,0.650587857,0.856432915,0.270481511
1441,0.65375042,0.838496923,0.190359696
1442,0.638358623,0.834146976,0.174288772
1443,0.653714746,0.836283684,0.207276302
1444,0.667902529,0.824817777,0.159143118
1445,0.682336986,0.839395046,0.158401802
1446,0.659051836,0.828550637,0.25361285
1447,0.671695143,0.837632775,0.192477929
1448,0.629846692,0.908673406,0.255990541
1449,0.654322326,0.873916328,0.279555773
1450,0.698975325,0.806387305,0.183774472
1451,0.680945396,0.82798785,0.271083385
1452,0.660270393,0.865298748,0.268472489
1453,0.672433347,0.831587076,0.240111847
1454,0.649259418,0.85604775,0.352880019
1455,0.682879239,0.853546858,0.173754237
1456,0.670721233,0.857034624,0.253514695
1457,0.649674475,0.871330261,0.374829896
1458,0.699514538,0.801126003,0.286524237
1459,0.680078387,0.845531464,0.199024151
1460,0.629782617,0.970042586,0.429982238
1461,0.655274212,0.882951558,0.323588845
1462,0.657847255,0.874400973,0.255577597
1463,0.670604438,0.857571125,0.384720488
1464,0.667704016,0.873035014,0.41443763
1465,0.680171341,0.845438004,0.264111085
1466,0.680612743,0.845900476,0.206787184
1467,0.671757668,0.866133273,0.169763548
1468,0.619492203,0.974409103,0.423414875
1469,0.673006028,0.859896421,0.272919701
1470,0.674257547,0.868030727,0.242592071
1471,0.641177893,0.911484003,0.306321039
1472,0.687998325,0.873273194,0.226517727
1473,0.68738243,0.882246315,0.221271447
1474,0.619750321,1.023750544,0.2130835
1475,0.657515287,0.890764177,0.215801179
1476,0.651138663,0.900531411,0.234326985
1477,0.680937409,0.827989042,0.191181051
1478,0.682918727,0.831972539,0.156088286
1479,0.676762402,0.838742316,0.209483003
1480,0.67914483,0.7924546,0.208089714
1481,0.617016107,0.953379095,0.152270668
1482,0.646879405,0.868110657,0.189440147
1483,0.667040318,0.831271648,0.121531177
1484,0.655107468,0.905332088,0.177289316
1485,0.637113452,0.960639715,0.166332868
1486,0.669819653,0.846592546,0.122905002
1487,0.661657214,0.900103748,0.12762341
1488,0.655709356,0.90959084,0.13522845
1489,0.628596321,0.979549289,0.118959227
1490,0.664332211,0.85455811,0.134773528
1491,0.67800498,0.846333563,0.129908511
1492,0.666946173,0.922347784,0.133851048
1493,0.652437687,0.879025996,0.221769488
1494,0.677017689,0.838371456,0.125177603
1495,0.665931106,0.834552705,0.137821787
1496,0.637300193,0.89547962,0.148388995
1497,0.66898033,0.839284301,0.225887024
1498,0.674933046,0.823032379,0.12943046
1499,0.657139212,0.867633224,0.215416968
1500,0.633393794,0.94100678,0.152372137
1501,0.678859144,0.848412871,0.172326216
1502,0.633988351,0.890223145,0.224451404
1503,0.682035476,0.814915538,0.154746068
1504,0.661518335,0.873733342,0.148982034
1505,0.664500445,0.874251902,0.200727884
1506,0.649943918,0.899968147,0.287138694
1507,0.654936224,0.873414695,0.291484523
1508,0.65227437,0.877588987,0.209417074
1509,0.65715003,0.866203904,0.177478179
1510,0.665646106,0.852707505,0.156957345
1511,0.640970111,0.908726215,0.246603907
1512,0.658545077,0.838922739,0.200956893
1513,0.672565579,0.824676454,0.155486303
1514,0.680205196,0.83095932,0.137873792
1515,0.654449224,0.896001637,0.218092944
1516,0.641027898,0.907828331,0.224385347
1517,0.656506836,0.873148799,0.11951153
1518,0.672205508,0.850243151,0.234212553
1519,0.680069864,0.80550611,0.19314425
1520,0.663270593,0.835837603,0.218469437
1521,0.642495215,0.842297196,0.118867239
1522,0.674848914,0.805804431,0.115986642
1523,0.67011863,0.813128054,0.181776156
1524,0.691471696,0.774103105,0.165745806
1525,0.669078797,0.83384496,0.19078557
1526,0.642698169,0.956580579,0.20605676
1527,0.63330245,0.951201558,0.325915403
1528,0.675285786,0.794189155,0.16700724
1529,0.657385707,0.858793259,0.214698271
1530,0.650972456,0.914791286,0.221777266
1531,0.655274212,0.898380518,0.195533803
1532,0.660978466,0.864816666,0.263208068
1533,0.622888952,0.915266991,0.243570345
1534,0.665990442,0.864113927,0.172247005
1535,0.670114875,0.82292819,0.163404508
1536,0.658089101,0.899936318,0.270498776
1537,0.646292865,0.914435625,0.299117247
1538,0.645124644,0.894230723,0.160149186
1539,0.629720688,0.874028683,0.400309449
1540,0.683239639,0.814024329,0.212326726
1541,0.675140202,0.803658307,0.224973726
1542,0.656736404,0.824939013,0.194163015
1543,0.646892816,0.845213413,0.214105469
1544,0.658313513,0.855677962,0.252992336
1545,0.657757878,0.850610614,0.250296584
1546,0.659270167,0.86613512,0.242459044
1547,0.634587139,0.89540273,0.188543539
1548,0.640381545,0.879633009,0.257648783
1549,0.671179205,0.850037575,0.254790401
1550,0.667710155,0.832732916,0.192919777
1551,0.641269654,0.934825301,0.292816868
1552,0.663245499,0.889187455,0.287830742
1553,0.661555737,0.867138922,0.226444457
1554,0.685167432,0.831827521,0.14088813
1555,0.693171918,0.803468168,0.207977371
1556,0.690294117,0.801842809,0.195850108
1557,0.68090421,0.837958038,0.154992947
1558,0.645065665,0.977986693,0.229274021
1559,0.675418168,0.855349302,0.168638129
1560,0.681354314,0.853309512,0.230929952
1561,0.699836344,0.807728171,0.197124978
1562,0.691526502,0.830943048,0.256226639
1563,0.65219906,0.919666469,0.139858462
1564,0.674026042,0.932235837,0.23984723
1565,0.688021451,0.848304033,0.262744504
1566,0.680390984,0.853839755,0.280387513
1567,0.695125699,0.89285934,0.232348688
1568,0.645796686,0.940559745,0.344551312
1569,0.644469708,0.95101589,0.237374239
1570,0.66656518,0.875742972,0.182900676
1571,0.682143897,0.845707893,0.195875399
1572,0.695929289,0.80503881,0.227399923
1573,0.68812871,0.81110096,0.133956924
1574,0.684290767,0.837371409,0.175819847
1575,0.653650999,0.916923642,0.246592816
1576,0.657634228,0.887904167,0.230653649
1577,0.671240151,0.803161144,0.161164228
1578,0.683591932,0.864444375,0.232738652
1579,0.663428426,0.914799333,0.214129053
1580,0.643192351,0.949610829,0.148174199
1581,0.648343623,0.87212348,0.180583133
1582,0.655883104,0.842948198,0.213917678
1583,0.675495803,0.851412177,0.162628432
1584,0.669533134,0.886315942,0.247263432
1585,0.635101736,0.917254806,0.198796374
1586,0.658586562,0.892119527,0.171114465
1587,0.670666099,0.831066847,0.177684796
1588,0.660671204,0.889034927,0.132231857
1589,0.645751417,0.879232109,0.15191843
1590,0.663045615,0.879906178,0.239872715
1591,0.646029651,0.904286623,0.195894234
1592,0.660643965,0.86802429,0.200491864
1593,0.660999984,0.927857399,0.287518693
1594,0.670974821,0.873679399,0.185294345
1595,0.660237759,0.894532382,0.292288798
1596,0.647141039,0.894814193,0.232666463
1597,0.673298389,0.8377496,0.134645851
1598,0.675953537,0.849426866,0.146069347
1599,0.662970573,0.853227735,0.260275787
1600,0.652559191,0.878344059,0.193525141
1601,0.664354771,0.919124007,0.19207182
1602,0.619474679,0.947366357,0.15479255
1603,0.646133602,0.872943997,0.187780048
1604,0.689382374,0.815772176,0.169934447
1605,0.685137153,0.821032166,0.230862837
1606,0.673453182,0.871977091,0.234552766
1607,0.66500631,0.871612549,0.172084973
1608,0.672733068,0.916395843,0.171530034
1609,0.655022621,0.919554412,0.247152869
1610,0.643705815,0.956079364,0.155554235
1611,0.65180105,0.89440763,0.157634002
1612,0.662552029,0.887792468,0.134232186
1613,0.651864499,0.880829096,0.157581559
1614,0.686374664,0.840190172,0.179990605
1615,0.669894993,0.854758561,0.12609068
1616,0.643463552,0.955736041,0.183983672
1617,0.653700083,0.908243537,0.21148743
1618,0.67331472,0.877406716,0.20658736
1619,0.671808392,0.860558152,0.185333024
1620,0.653455019,0.90842402,0.158422662
1621,0.648640424,0.925624251,0.15051284
1622,0.677706063,0.833396316,0.191813535
1623,0.665880173,0.870126724,0.204002441
1624,0.647304118,0.889780641,0.187914297
1625,0.658976048,0.968473196,0.184825286
1626,0.697033852,0.838407755,0.13717498
1627,0.685057282,0.820394695,0.176738135
1628,0.677806348,0.845375299,0.190359784
1629,0.677015841,0.901180863,0.176670327
1630,0.642561257,0.958821118,0.215961394
1631,0.681560636,0.853472173,0.209624827
1632,0.673528612,0.870130301,0.154360845
1633,0.6198816,0.914041281,0.176844732
1634,0.667659998,0.807793319,0.17597177
1635,0.61696972,0.972615719,0.190971929
1636,0.684939176,0.819671869,0.120292861
1637,0.660245776,0.864454031,0.195201456
1638,0.670347005,0.869881034,0.148667851
1639,0.671224475,0.822784126,0.184392893
1640,0.646459669,0.873533607,0.205171337
1641,0.668548286,0.834088802,0.159630121
1642,0.68672207,0.798731565,0.163637383
1643,0.655219972,0.838525712,0.165224245
1644,0.65548259,0.894167781,0.147636692
1645,0.658873022,0.883735895,0.176127776
1646,0.663010955,0.868879259,0.131726704
1647,0.666901022,0.891839206,0.166541157
1648,0.666148752,0.824385405,0.199369806
1649,0.677164465,0.818939447,0.166435392
1650,0.68218869,0.83639282,0.176518919
1651,0.668616563,0.836381674,0.218092373
1652,0.676234871,0.85133934,0.242418297
1653,0.688102126,0.846741438,0.267342736
1654,0.671030462,0.890592039,0.203404412
1655,0.648515999,0.892049909,0.205487925
1656,0.673910081,0.87220192,0.171309654
1657,0.661392093,0.890341759,0.242905779
1658,0.673381239,0.835076511,0.140658494
1659,0.682203531,0.842618108,0.195727689
1660,0.687441945,0.834730506,0.166468734
1661,0.673540354,0.803034186,0.165603604
1662,0.695429802,0.803493679,0.144492956
1663,0.666937828,0.867460489,0.217823947
1664,0.670722842,0.86758405,0.147821106
1665,0.681415588,0.849757433,0.242033799
1666,0.628869414,1.007243156,0.183255187
1667,0.655806065,0.876843452,0.150017082
1668,0.666779876,0.87247169,0.266050552
1669,0.672460824,0.838215649,0.177939094
1670,0.648753881,0.888550878,0.163929119
1671,0.667423129,0.809107304,0.187993328
1672,0.677544802,0.820813954,0.136300113
1673,0.684618682,0.837768674,0.115599619
1674,0.653076768,0.897420287,0.128620339
1675,0.667462766,0.824842215,0.184970652
1676,0.648265004,0.936013222,0.150171431
1677,0.655799866,0.886147261,0.114662971
1678,0.665864587,0.836051106,0.136815115
1679,0.652347893,0.86591512,0.137358546
1680,0.67429322,0.853916764,0.117183246
1681,0.65770185,0.838833809,0.155695494
1682,0.67447111,0.833455086,0.121509659
1683,0.657046884,0.894065022,0.15369439
1684,0.657810628,0.892647624,0.130699566
1685,0.66799286,0.888835907,0.136891126
1686,0.655287355,0.90565753,0.107609806
1687,0.668156922,0.815317094,0.160730597
1688,0.68030107,0.846193254,0.157447021
1689,0.633862078,0.93097347,0.117840921
1690,0.656915218,0.904368997,0.156537544
1691,0.659395814,0.859758258,0.200213975
1692,0.635220498,0.939559281,0.194033423
1693,0.670416445,0.859053612,0.191721314
1694,0.691705644,0.811991274,0.166482732
1695,0.678161502,0.833721995,0.176005402
1696,0.650224566,0.912197828,0.21193518
1697,0.682477683,0.85095197,0.180844689
1698,0.663493156,0.889840722,0.180821058
1699,0.634403944,0.936318398,0.195966948
1700,0.678678542,0.839863777,0.213627902
1701,0.633520782,0.886229217,0.177791015
1702,0.693786204,0.788938046,0.170296302
1703,0.640094012,0.954095304,0.128860016
1704,0.668752104,0.848643422,0.196166098
1705,0.685043573,0.815464973,0.145845952
1706,0.688661188,0.81190455,0.145330592
1707,0.663780451,0.913834095,0.223538119
1708,0.650729537,0.900592864,0.240657171
1709,0.674239457,0.885207474,0.331050575
1710,0.681402057,0.849490464,0.219186548
1711,0.691360027,0.873797059,0.269842369
1712,0.6568183,0.922664523,0.30210587
1713,0.659157127,0.917413712,0.248179698
1714,0.665978253,0.910942554,0.139049527
1715,0.679794192,0.85413301,0.174091104
1716,0.647522271,0.889504373,0.185648512
1717,0.694911122,0.814368963,0.186741039
1718,0.678927362,0.868444026,0.1875446
1719,0.669145912,0.879749537,0.187145487
1720,0.686455756,0.8767941,0.203343095
1721,0.664431006,0.888944387,0.222945401
1722,0.690146118,0.815114379,0.216927116
1723,0.690564215,0.865814209,0.160051912
1724,0.690368503,0.80890727,0.190318478
1725,0.676178217,0.869591594,0.340445028
1726,0.643569589,1.032217503,0.287937985
1727,0.64468044,0.913357198,0.229022508
1728,0.688555419,0.822728515,0.253678234
1729,0.661669999,0.861658812,0.308665491
1730,0.634110749,0.977484703,0.253509837
1731,0.687863111,0.85419631,0.227478467
1732,0.660611808,0.85771966,0.304141274
1733,0.665002555,0.892465591,0.207735148
1734,0.659330934,0.890784681,0.201362501
1735,0.680507571,0.815269709,0.219725104
1736,0.688504636,0.887314975,0.157869568
1737,0.663915694,0.900122762,0.166271126
1738,0.651835382,0.917804539,0.162985287
1739,0.68304193,0.87021625,0.169398776
1740,0.671921939,0.905668557,0.149352754
1741,0.684168369,0.914155185,0.142576699
1742,0.682132214,0.842676342,0.167972709
1743,0.637930006,0.972915411,0.168720773
1744,0.651457608,0.986130118,0.163183794
1745,0.633166179,1.007089257,0.156027863
1746,0.688203573,0.847925723,0.248451073
1747,0.671357155,0.879858553,0.238803803
1748,0.68549192,0.869491458,0.125223802
1749,0.671345562,0.913457811,0.14165306
1750,0.635341048,0.981392264,0.125940766
1751,0.670376152,0.90702498,0.201294654
1752,0.654092818,0.876731396,0.162827793
1753,0.667265207,0.866792321,0.15002402
1754,0.678935051,0.889600992,0.119493075
1755,0.654185593,0.896885633,0.160183819
1756,0.647349715,0.923888206,0.145161824
1757,0.660579801,0.919576824,0.128987536
1758,0.679143608,0.842324376,0.142754191
1759,0.654179871,0.899471164,0.116990361
1760,0.644914925,0.947996557,0.123708223
1761,0.640085161,0.932618439,0.12058356
1762,0.665752351,0.884312749,0.109460151
1763,0.654665202,0.873176455,0.116122006
1764,0.653647423,0.876592577,0.105950778
1765,0.681219637,0.900648475,0.113385133
1766,0.67478317,0.862359285,0.151583912
1767,0.678607643,0.868713379,0.113332223
1768,0.667258292,0.866244853,0.111776683
1769,0.684983879,0.818248332,0.119459214
1770,0.672822595,0.869086087,0.131483791
1771,0.641032755,0.95858109,0.120336188
1772,0.654898942,0.935951889,0.160996323
1773,0.663191319,0.849910259,0.130482681
1774,0.684071153,0.831674099,0.103420355
1775,0.65869531,0.924581885,0.130655167
1776,0.676617742,0.833465219,0.107171317
1777,0.687020987,0.815526366,0.118924215
1778,0.659034938,0.947070718,0.0987194
1779,0.671013027,0.886256874,0.097697067
1780,0.679440886,0.814474165,0.098618278
1781,0.68789345,0.81948638,0.099068652
1782,0.684400529,0.823679388,0.138089052
1783,0.677449226,0.878933668,0.092371617
1784,0.643680617,0.998682976,0.149736388
1785,0.661831856,0.829431295,0.172394215
1786,0.68356657,0.846760273,0.134782322
1787,0.655283123,0.872074366,0.121349473
1788,0.656115592,0.890569329,0.190322529
1789,0.652172476,0.916894257,0.142074724
1790,0.634617865,0.865653336,0.190217421
1791,0.681422591,0.810152292,0.158802598
1792,0.67540887,0.814033508,0.248022461
1793,0.652737677,0.875571549,0.169558999
1794,0.654031485,0.878159225,0.207557768
1795,0.668842018,0.856964231,0.235756751
1796,0.705874205,0.812903285,0.29748438
1797,0.667724401,0.867585182,0.270629363
1798,0.660272568,0.897780895,0.271801477
1799,0.697305858,0.798313498,0.207495919
1800,0.662991554,0.854726672,0.258536837
1801,0.661920726,0.88218832,0.382342723
1802,0.69735387,0.833657086,0.429657589
1803,0.650501639,0.953710318,0.304893639
1804,0.671060622,0.871854782,0.242045521
1805,0.654843837,0.949946642,0.285093178
1806,0.684517115,0.849131346,0.163093669
1807,0.650924742,0.915800035,0.29231957
1808,0.673468888,0.911756277,0.215350744
1809,0.657233506,0.841624916,0.217324915
1810,0.682430327,0.808333993,0.133361406
1811,0.649563551,0.907054543,0.118885112
1812,0.667985111,0.862915993,0.143666336
1813,0.691359192,0.807509184,0.189149425
1814,0.679249853,0.830834806,0.180158247
1815,0.637303501,0.881673813,0.218097588
1816,0.654051483,0.901059747,0.164376277
1817,0.663280427,0.856985152,0.156878238
1818,0.675816059,0.849769354,0.172032811
1819,0.658699751,0.892886162,0.149586935
1820,0.643721819,0.922863364,0.159166279
1821,0.668374628,0.906631589,0.188408035
1822,0.648568422,0.922320485,0.135807613
1823,0.618693173,0.99995178,0.19870713
1824,0.65616104,0.895784378,0.097107298
1825,0.62779066,0.95167315,0.107147971
1826,0.671603769,0.826464772,0.172699381
1827,0.650150657,0.856571972,0.151703346
1828,0.669326156,0.886492848,0.23106012
1829,0.643624157,0.878431976,0.149506402
1830,0.647985101,0.887410998,0.20758727
1831,0.625670642,0.956266165,0.2489984
1832,0.666616142,0.856090307,0.165589499
1833,0.659244806,0.869707167,0.178619202
1834,0.660587937,0.841822743,0.214812786
1835,0.677030772,0.829537153,0.185079367
1836,0.648341388,0.839281797,0.163134863
1837,0.647653252,0.879344821,0.225042922
1838,0.678196281,0.795403242,0.219520396
1839,0.614417925,0.964196146,0.251532667
1840,0.638582677,0.896071076,0.187855271
1841,0.67697835,0.834688485,0.291762145
1842,0.672148228,0.858434021,0.272772789
1843,0.668465197,0.813709199,0.274495305
1844,0.64877364,0.904939055,0.280182793
1845,0.634249151,0.907625496,0.265745716
1846,0.695332527,0.804211736,0.184931441
1847,0.697445393,0.810610771,0.363917943
1848,0.679463208,0.824306369,0.216728612
1849,0.690688401,0.801952481,0.201375136
1850,0.672065586,0.838467956,0.270648744
1851,0.636287808,0.892915726,0.221540476
1852,0.665412635,0.861736655,0.279684017
1853,0.687942475,0.833153784,0.308295507
1854,0.671854019,0.859855473,0.28729539
1855,0.650408298,0.980712473,0.176944004
1856,0.662371725,0.872935176,0.227811299
1857,0.683948219,0.835515618,0.189730221
1858,0.685171306,0.820351362,0.24446955
1859,0.680153191,0.849966645,0.212826781
1860,0.626290008,0.919299424,0.251713715
1861,0.674223512,0.833632469,0.21430961
1862,0.643676162,0.887398362,0.317381661
1863,0.663852721,0.878880024,0.157651713
1864,0.663993925,0.868024111,0.210640817
1865,0.644518793,0.945344388,0.216468988
1866,0.632171541,0.909145832,0.263172585
1867,0.642060369,0.905635536,0.254870044
1868,0.62620616,0.890653729,0.226599099
1869,0.601055145,0.995354056,0.289032852
1870,0.630311012,0.906967998,0.231762832
1871,0.656020224,0.950106978,0.270261725
1872,0.666172177,0.878595948,0.192589977
1873,0.64773196,0.864856839,0.298639212
1874,0.664602727,0.913518727,0.332896979
1875,0.670885414,0.880884111,0.224855908
1876,0.677650601,0.859218776,0.182229646
1877,0.658239484,0.894224167,0.333389891
1878,0.686118364,0.883578718,0.281844977
1879,0.63273865,0.95142293,0.413987187
1880,0.658714026,0.910928249,0.346061188
1881,0.671507716,0.914320827,0.242139414
1882,0.681649536,0.846032023,0.344175295
1883,0.671338558,0.899441719,0.29247685
1884,0.643145084,1.028137684,0.1957162
1885,0.684744298,0.819575667,0.173130254
1886,0.639441192,0.915809155,0.214622244
1887,0.676073164,0.843632936,0.141576217
1888,0.664471537,0.900471687,0.217119998
1889,0.643537074,0.965817988,0.166233845
1890,0.686232895,0.845203161,0.156929194
1891,0.607464164,1.005096674,0.123059629
1892,0.6938636,0.887378216,0.211265681
1893,0.672057629,0.903473496,0.115874105
1894,0.656180412,0.910436213,0.10473153
1895,0.663139403,0.874101818,0.136896256
1896,0.692568392,0.836553574,0.131405656
1897,0.656474233,0.903279781,0.118899863
1898,0.683999836,0.842620611,0.131540299
1899,0.695931882,0.835430622,0.195307745
1900,0.649783373,0.940657914,0.116885392
1901,0.639440686,1.008085132,0.117733288
1902,0.672786444,0.90793705,0.125542467
1903,0.676504552,0.908116937,0.10196724
1904,0.66075024,0.950698018,0.142228297
1905,0.647865206,0.945805907,0.108231726
1906,0.664648861,0.904597878,0.121144917
1907,0.596460357,1.060496926,0.123284857
1908,0.662522405,0.916674495,0.110836257
1909,0.693470925,0.866534173,0.111988946
1910,0.672720075,0.897956729,0.116448656
1911,0.655682534,0.88183403,0.112593906
1912,0.655333519,0.889683843,0.141723941
1913,0.662578404,0.93590641,0.12045968
1914,0.682482541,0.855885923,0.140756535
1915,0.669133127,0.866810262,0.136943232
1916,0.633344591,0.988084495,0.119323934
1917,0.632460237,1.005851507,0.15625159
1918,0.666446418,0.860889375,0.129539629
1919,0.639622092,0.919453204,0.149433763
1920,0.666651547,0.871668577,0.125530703
1921,0.694281876,0.812993646,0.163808493
1922,0.650721639,0.866971135,0.16513899
1923,0.642437726,0.959659398,0.141931371
1924,0.687011957,0.806063533,0.157405222
1925,0.675389409,0.791657567,0.145854184
1926,0.670346051,0.856755137,0.158488528
1927,0.683278054,0.803833008,0.161299206
1928,0.666251153,0.836073399,0.170045011
1929,0.648180008,0.919207931,0.160601349
1930,0.685035825,0.824220181,0.147251969
1931,0.695040494,0.796425164,0.195274183
1932,0.7000525,0.800226569,0.264133217
1933,0.694878429,0.874855876,0.285893682
1934,0.657618672,0.951021075,0.280059922
1935,0.700028062,0.841264725,0.249890854
1936,0.70432663,0.870534599,0.265213624
1937,0.665171981,0.916450977,0.146868089
1938,0.659850299,0.90301615,0.269275071
1939,0.697919071,0.845938027,0.16856729
1940,0.699745625,0.829932272,0.242469438
1941,0.699112892,0.854487479,0.239546803
1942,0.681653082,0.863695681,0.219962303
1943,0.659907579,0.926270127,0.189996014
1944,0.670247883,0.890236437,0.204543608
1945,0.637952447,1.009507895,0.159457023
1946,0.659722477,0.884679079,0.133499545
1947,0.630383849,0.986215949,0.216850062
1948,0.699140489,0.859630704,0.176975443
1949,0.680042326,0.825982928,0.242949615
1950,0.665877134,0.897831082,0.169161773
1951,0.682884216,0.862327099,0.228911423
1952,0.665594757,0.896460056,0.25549843
1953,0.688544482,0.842556059,0.206204058
1954,0.693276852,0.883903384,0.161351735
1955,0.649638623,0.946464658,0.189604138
1956,0.64690873,0.952256382,0.174228412
1957,0.685186684,0.883466184,0.194459824
1958,0.632891238,0.961185694,0.181426455
1959,0.676983237,0.903200805,0.212253547
1960,0.651259035,0.937736988,0.206498855
1961,0.67768985,0.835459888,0.173708739
1962,0.683288395,0.890456796,0.23398748
1963,0.649276048,0.979887247,0.182169995
1964,0.668086737,0.867423177,0.180413423
1965,0.642506301,0.935199618,0.168798457
1966,0.67481491,0.880758286,0.255671751
1967,0.698183179,0.903565109,0.172432987
1968,0.658647984,0.879359186,0.213294897
1969,0.658314586,0.906580925,0.193199412
1970,0.682504833,0.843854904,0.163806032
1971,0.664911479,0.901117027,0.194728208
1972,0.649143457,0.913449943,0.186083224
1973,0.688348949,0.863622129,0.117775424
1974,0.655674845,0.968367815,0.168404883
1975,0.662825584,0.905590773,0.207343034
1976,0.657601357,0.903388619,0.178731315
1977,0.649131894,0.869363546,0.183179673
1978,0.656523347,0.895783722,0.147883835
1979,0.676730156,0.84460187,0.158580623
1980,0.642295867,0.922732353,0.146956853
1981,0.667387336,0.874195337,0.174893831
1982,0.675703496,0.897561789,0.127994329
1983,0.658222288,0.946542561,0.105651621
1984,0.640379429,0.978671193,0.229800741
1985,0.623209924,0.998585343,0.214979606
1986,0.683453083,0.862704039,0.161864633
1987,0.650220782,0.899428308,0.226511777
1988,0.658344895,0.885229468,0.147216975
1989,0.651034713,0.893989086,0.200897013
1990,0.68919003,0.857518911,0.18463927
1991,0.646206915,0.915636778,0.195033035
1992,0.666395575,0.871754229,0.135799603
1993,0.65373072,0.920113146,0.130197313
1994,0.670836359,0.867088675,0.150187204
1995,0.63564992,0.893027306,0.170226803
1996,0.677850157,0.888237894,0.10978615
1997,0.633885324,0.947057307,0.164622763
1998,0.623921275,0.956360042,0.206697659
1999,0.647617698,0.917466879,0.131014405
2000,0.630187988,0.914611459,0.131865104
